,precision,recall,f1-score,support
FALSE POSITIVE,0.9531380753138076,0.9413223140495868,0.9471933471933472,1210.0
CONFIRMED,0.8988603988603988,0.9184861717612809,0.9085673146148309,687.0
accuracy,0.9330521876647337,0.9330521876647337,0.9330521876647337,0.9330521876647337
macro avg,0.9259992370871032,0.9299042429054338,0.9278803309040891,1897.0
weighted avg,0.933481373298261,0.9330521876647337,0.9332048999706584,1897.0
